<?xml version="1.0" encoding="UTF-8"?>
    <addon id="repository.StevenDavies" name="Steven Davies Repo" version="1.0.1" provider-name="StevenDavies (Chameleon)">
        <requires>
            <import addon="xbmc.addon" version="12.0.0"/>
        </requires>
        <extension point="xbmc.addon.repository" name="Steven Davies Repo">
            <info compressed="false">https://raw.github.com/welshy10/StevenDavies/master/_repo/addons.xml</info>
            <checksum>https://raw.github.com/welshy10/StevenDavies/master/_repo/addons.xml.md5</checksum>
            <datadir zip="true">https://raw.github.com/welshy10/StevenDavies/master/_repo/</datadir>
            <hashes>false</hashes>
        </extension>
        <extension point="xbmc.addon.metadata">
            <summary>Steven Davies Repo</summary>
            <description>Steven Davies Repo</description>
            <platform>all</platform>
    </extension>
</addon>